,precision,recall,f1-score,support
caminando,0.38461538461538464,0.4166666666666667,0.4,12.0
correr,0.34615384615384615,0.75,0.47368421052631576,12.0
girando,0.6,0.25,0.35294117647058826,12.0
quieto,0.0,0.0,0.0,12.0
saltar,0.2,0.25,0.2222222222222222,12.0
accuracy,0.3333333333333333,0.3333333333333333,0.3333333333333333,0.3333333333333333
macro avg,0.30615384615384617,0.33333333333333337,0.2897695218438253,60.0
weighted avg,0.3061538461538461,0.3333333333333333,0.2897695218438253,60.0
